CustomerID,CustomerName,CustomerEmail,Customernumber,CustomerJoin,CustomerLife,CustomerDOB,CustomerAge,CustomerGender,IsActive,CustomerLastPurchaseDate
1,Wesley Elliott,wesleyelliott.8jd@gmail.com,142-282-4542,02/12/2017,7,10/10/1997,,M,1,10/08/2023
2,Brenda Kemp,brendakemp.gze@gmail.com,622-783-2616,11/02/2022,2,28/11/2016,,F,0,27/12/2024
3,Kara Gomez,karagomez.d0k@gmail.com,978-839-5727,17/08/2020,4,24/11/2014,,F,0,25/11/2024
4,Bryan Leonard,bryanleonard.xix@gmail.com,155-204-6450,06/04/2022,2,14/03/2014,,M,1,18/12/2023
5,Paige Garcia,paigegarcia.q9o@gmail.com,230-773-1343,13/11/2019,5,08/12/2013,,F,1,11/06/2024
6,Jasmine Walker,jasminewalker.r04@gmail.com,370-894-3990,03/10/2024,0,18/11/1996,,F,1,22/09/2022
7,Erin Finley,erinfinley.m8t@gmail.com,252-981-7345,17/05/2019,5,19/01/2011,,F,0,17/11/2023
8,Robert Townsend,roberttownsend.hlt@gmail.com,861-532-6579,02/06/2018,6,21/01/2015,,M,1,23/03/2023
9,Jason Miller,jasonmiller.5zn@gmail.com,696-457-6312,26/02/2019,5,11/08/1998,,M,0,11/04/2024
10,Kathryn Young,kathrynyoung.97c@gmail.com,845-565-9031,28/09/2015,9,01/03/2013,,F,0,08/05/2023
11,Eric Rubio,ericrubio.gyy@gmail.com,138-514-7432,28/06/2018,6,23/11/2008,,M,0,08/11/2024
12,Rebecca Nixon,rebeccanixon.5q0@gmail.com,267-321-9111,20/10/2019,5,12/06/2017,,F,1,10/12/2022
13,Antonio Tran,antoniotran.pql@gmail.com,778-980-9606,23/02/2018,6,26/01/1997,,M,0,12/04/2023
14,Jeffrey West,jeffreywest.678@gmail.com,386-506-1273,16/01/2022,2,21/12/2002,,M,1,07/04/2023
15,Amy Villanueva,amyvillanueva.ggm@gmail.com,698-179-6662,25/08/2015,9,01/02/1999,,F,1,13/08/2024
16,Lauren Lee,laurenlee.5k5@gmail.com,142-670-5381,10/02/2018,6,19/10/2002,,F,0,19/01/2023
17,Anita Cox,anitacox.hpu@gmail.com,362-460-4452,11/02/2022,2,20/06/2017,,F,1,02/08/2022
18,John Thornton,johnthornton.196@gmail.com,192-660-3938,13/07/2015,9,05/08/2003,,M,1,06/12/2023
19,Jody Swanson,jodyswanson.d2e@gmail.com,192-373-4219,07/06/2021,3,09/09/1997,,F,0,10/06/2023
20,Kristine Silva,kristinesilva.2bo@gmail.com,715-955-2543,08/03/2024,0,18/05/1997,,F,1,06/11/2023
21,Kristin Perkins,kristinperkins.5vs@gmail.com,534-214-8913,02/11/2019,5,22/12/2010,,F,1,05/07/2023
22,Jennifer Bautista,jenniferbautista.ofi@gmail.com,693-302-8139,09/12/2021,3,13/04/1995,,F,1,04/02/2024
23,Amanda Gibson,amandagibson.yfa@gmail.com,205-669-1898,16/06/2020,4,05/10/2000,,F,0,05/08/2024
24,Scott Mahoney,scottmahoney.7ri@gmail.com,356-685-1801,01/10/2021,3,24/04/2010,,M,1,10/12/2024
25,Julie Becker,juliebecker.amy@gmail.com,152-771-3229,10/10/2023,1,26/05/2016,,F,1,22/07/2023
26,Victoria Garcia,victoriagarcia.fao@gmail.com,498-248-9972,16/07/2016,8,18/05/2010,,F,1,28/10/2024
27,Leslie Bell,lesliebell.kdq@gmail.com,887-155-7346,17/10/2022,2,21/03/2012,,M,0,03/12/2022
28,Patrick Morris,patrickmorris.pbo@gmail.com,422-729-5799,06/12/2020,4,09/11/2000,,M,0,08/06/2023
29,Brandon Adams,brandonadams.pwm@gmail.com,588-193-3139,02/02/2017,7,28/09/1996,,M,1,19/01/2023
30,Kimberly Newman,kimberlynewman.izo@gmail.com,101-652-2109,17/06/2016,8,17/09/2001,,F,1,05/09/2024
31,Amanda Mccormick,amandamccormick.jd0@gmail.com,792-370-4000,18/02/2023,1,15/02/1998,,F,1,13/10/2022
32,Dakota Torres,dakotatorres.h4k@gmail.com,508-655-1626,08/02/2017,7,20/05/2011,,M,1,08/11/2022
33,Lisa Smith,lisasmith.wo4@gmail.com,162-399-2303,23/04/2018,6,27/03/2007,,F,1,09/09/2024
34,Rachel Torres,racheltorres.km5@gmail.com,699-781-3488,17/03/2019,5,15/12/2002,,F,0,22/06/2022
35,John Butler,johnbutler.lsx@gmail.com,186-487-1692,04/08/2020,4,11/09/1999,,M,0,25/08/2022
36,Donald Walker,donaldwalker.9r0@gmail.com,462-406-1403,11/04/2019,5,13/03/1996,,M,1,26/02/2024
37,Terri Brennan,terribrennan.8v2@gmail.com,378-418-3847,17/11/2020,4,25/07/1999,,F,0,09/05/2023
38,Jessica Hanson,jessicahanson.ijf@gmail.com,611-596-3766,14/07/2024,0,04/12/2003,,F,1,08/04/2024
39,Amber Franklin,amberfranklin.3wt@gmail.com,667-448-6203,02/11/2015,9,09/01/2015,,F,0,16/06/2024
40,Martin Olson,martinolson.odh@gmail.com,123-574-7840,22/09/2017,7,20/05/2011,,M,1,05/05/2024
41,Susan Wilson,susanwilson.r8z@gmail.com,297-138-7828,07/12/2024,0,13/03/2014,,F,1,02/03/2023
42,Ashley Gomez,ashleygomez.xsf@gmail.com,600-813-5415,08/12/2016,8,28/02/2013,,F,1,26/12/2022
43,Anne Long,annelong.ajx@gmail.com,486-323-2106,21/07/2021,3,15/09/1995,,F,1,01/11/2023
44,Tony Ward,tonyward.1lj@gmail.com,920-889-8684,05/03/2017,7,26/04/2010,,M,1,21/09/2022
45,Eric Harmon,ericharmon.jn2@gmail.com,185-677-3722,28/08/2019,5,23/06/2006,,M,1,25/02/2023
46,Sue Hart,suehart.h8m@gmail.com,612-612-5491,20/01/2018,6,01/09/1997,,F,1,23/07/2022
47,Rebecca Sanchez,rebeccasanchez.os5@gmail.com,322-657-4915,12/11/2023,1,27/03/1998,,F,0,05/12/2024
48,Taylor Suarez,taylorsuarez.rm6@gmail.com,324-658-4377,01/12/2018,6,06/10/2004,,F,0,04/07/2024
49,Amanda Fox,amandafox.in0@gmail.com,940-479-5938,05/03/2016,8,26/01/1998,,F,0,13/09/2023
50,Tiffany Miranda,tiffanymiranda.0t1@gmail.com,101-581-4510,13/08/2021,3,15/08/1995,,F,0,22/07/2022
51,Karen Schmidt,karenschmidt.1yb@gmail.com,560-801-3548,02/06/2020,4,16/10/2003,,F,1,24/11/2022
52,Bonnie Anderson,bonnieanderson.3ai@gmail.com,217-756-1287,10/09/2023,1,05/10/2009,,F,1,21/09/2024
53,Terry Peterson,terrypeterson.01j@gmail.com,377-637-1622,14/05/2021,3,09/05/1998,,F,1,25/03/2022
54,Christine Walker,christinewalker.998@gmail.com,735-728-8991,22/12/2024,0,20/03/2014,,F,0,22/09/2024
55,Melvin Chang,melvinchang.313@gmail.com,709-423-6058,26/10/2019,5,19/05/1998,,M,1,02/11/2022
56,Jaime Shaw,jaimeshaw.z7v@gmail.com,408-660-4676,12/05/2024,0,13/08/2016,,F,1,12/08/2022
57,Keith Allen,keithallen.763@gmail.com,302-320-9148,08/05/2019,5,27/08/1996,,M,1,05/02/2023
58,Daniel Becker,danielbecker.c42@gmail.com,417-463-9016,11/05/2019,5,13/01/2012,,M,1,19/06/2024
59,Phillip Irwin,phillipirwin.eh2@gmail.com,741-168-4171,25/04/2019,5,18/10/1995,,M,0,05/06/2024
60,Joseph Dawson,josephdawson.cm5@gmail.com,548-352-5319,01/12/2024,0,15/11/2007,,M,1,19/04/2022
61,Jennifer Gomez,jennifergomez.3ij@gmail.com,868-324-6086,21/04/2018,6,22/09/2014,,F,0,25/10/2024
62,Kayla Parker,kaylaparker.u1q@gmail.com,681-310-4940,10/08/2018,6,10/02/2017,,F,0,02/10/2022
63,Chad Haas,chadhaas.py4@gmail.com,531-540-9599,24/10/2019,5,18/10/1996,,M,1,10/08/2022
64,Shannon Richard,shannonrichard.cdl@gmail.com,715-569-4898,03/02/2017,7,08/07/2002,,F,1,07/02/2023
65,Mary Ferguson,maryferguson.lw2@gmail.com,544-405-8148,25/09/2015,9,11/07/2008,,F,0,17/01/2022
66,Michelle Walker,michellewalker.ue5@gmail.com,304-650-7453,12/08/2019,5,18/10/2011,,F,0,06/10/2022
67,Connie Neal,connieneal.wvv@gmail.com,303-461-5610,27/07/2016,8,03/12/1996,,F,0,20/02/2024
68,Gabriel Summers,gabrielsummers.6nx@gmail.com,454-208-1183,08/04/2019,5,01/06/2011,,M,1,25/11/2022
69,Jerome Smith,jeromesmith.0gk@gmail.com,165-161-2993,24/03/2020,4,23/04/1998,,M,1,04/02/2022
70,David Gaines,davidgaines.yq7@gmail.com,730-480-4406,16/02/2022,2,13/10/2007,,M,0,28/02/2024
71,Megan Marshall,meganmarshall.avl@gmail.com,523-952-6104,26/12/2021,3,27/10/2012,,F,0,15/01/2024
72,Kayla Smith,kaylasmith.8zy@gmail.com,952-830-4441,27/01/2017,7,24/01/1998,,F,1,07/04/2022
73,Jonathan Sanchez,jonathansanchez.8ob@gmail.com,265-672-9077,01/09/2022,2,09/03/2000,,M,0,02/04/2024
74,Diane Parker,dianeparker.gj3@gmail.com,899-574-1575,26/04/2023,1,03/04/1998,,F,1,22/09/2022
75,Robert Fleming,robertfleming.euf@gmail.com,349-322-7157,25/11/2024,0,23/03/1995,,M,1,01/01/2022
76,Stephen Garcia,stephengarcia.ycu@gmail.com,304-303-4518,22/07/2024,0,04/03/2015,,M,0,15/07/2022
77,Jeffery Figueroa,jefferyfigueroa.jhr@gmail.com,129-989-7257,13/10/2019,5,10/08/2004,,M,0,24/11/2023
78,Zachary Watkins,zacharywatkins.5pp@gmail.com,535-242-2288,22/01/2016,8,07/01/2011,,M,1,27/07/2024
79,Jonathan Kim,jonathankim.xn9@gmail.com,208-671-5769,26/10/2018,6,21/02/2003,,M,1,13/05/2024
80,Laura Vasquez,lauravasquez.utl@gmail.com,856-446-5395,03/04/2022,2,06/05/2003,,F,0,13/11/2023
81,Phillip Robinson,philliprobinson.r9y@gmail.com,211-719-8154,13/02/2015,9,22/11/2006,,M,1,12/04/2023
82,Tara Jackson,tarajackson.ue5@gmail.com,511-338-5357,22/07/2022,2,24/08/1999,,F,0,08/03/2022
83,Rebecca Thompson,rebeccathompson.k22@gmail.com,998-423-1109,14/01/2016,8,15/03/1996,,F,0,16/10/2024
84,Bobby Yoder,bobbyyoder.y3m@gmail.com,402-246-2027,22/01/2017,7,22/02/2015,,M,0,11/12/2022
85,Jeffrey Lee,jeffreylee.ecg@gmail.com,689-560-9715,20/01/2021,3,07/11/2010,,M,0,23/12/2022
86,Timothy David,timothydavid.t4t@gmail.com,143-546-6540,23/08/2015,9,23/01/1997,,M,1,02/07/2023
87,Christopher Love,christopherlove.n63@gmail.com,445-248-1834,27/01/2023,1,04/12/1995,,M,1,09/07/2024
88,Julie Shepard,julieshepard.nor@gmail.com,750-269-5770,12/04/2017,7,21/05/1996,,F,0,04/05/2022
89,Carla Hartman,carlahartman.ndj@gmail.com,663-661-3285,09/03/2022,2,14/09/1997,,F,0,15/05/2023
90,Rachel James,racheljames.pyh@gmail.com,944-844-2735,28/01/2022,2,22/02/2005,,F,0,07/01/2023
91,Samuel Sandoval,samuelsandoval.l2r@gmail.com,308-501-9667,01/03/2018,6,11/11/2006,,M,0,25/04/2022
92,Kayla Brown,kaylabrown.o4r@gmail.com,322-842-1704,24/05/2016,8,06/09/2010,,F,1,26/07/2022
93,Danielle Bennett,daniellebennett.53l@gmail.com,781-216-2607,26/08/2020,4,01/05/2004,,F,0,15/11/2024
94,Matthew Stanton,matthewstanton.a82@gmail.com,921-981-8221,16/02/2018,6,23/10/2011,,M,1,21/10/2024
95,Craig Hodge,craighodge.avx@gmail.com,921-941-6954,19/01/2023,1,14/04/2014,,M,1,28/11/2024
96,Christina Harper,christinaharper.ml3@gmail.com,241-870-5706,26/02/2015,9,01/11/1996,,F,0,06/09/2023
97,John Ross,johnross.ne8@gmail.com,368-911-5246,23/09/2021,3,22/04/1995,,M,0,15/02/2024
98,Leslie Ward,leslieward.59v@gmail.com,637-135-7248,19/07/2019,5,20/05/1995,,F,1,28/02/2023
99,Ann Thomas,annthomas.dag@gmail.com,802-380-8992,01/09/2023,1,05/02/1996,,F,0,04/05/2024
100,Megan Garza,megangarza.uh4@gmail.com,737-370-7163,08/11/2024,0,10/12/2003,,F,0,25/04/2024
101,Erik Stewart,erikstewart.4uj@gmail.com,327-304-4721,18/10/2016,8,13/09/2006,,M,1,14/12/2024
102,Gary Olson,garyolson.jpi@gmail.com,699-893-4520,28/07/2016,8,15/07/2017,,M,0,04/06/2024
103,Adriana Myers,adrianamyers.tic@gmail.com,668-609-6362,03/05/2017,7,04/03/2011,,F,1,14/09/2023
104,Jennifer Hernandez,jenniferhernandez.e5k@gmail.com,578-880-5843,12/06/2020,4,04/11/2006,,F,1,20/05/2023
105,George Williams,georgewilliams.mx2@gmail.com,604-502-5942,14/08/2024,0,07/05/2005,,M,0,21/07/2022
106,Diana Parker,dianaparker.1fr@gmail.com,556-326-5226,09/10/2016,8,24/04/2009,,F,1,28/04/2024
107,Amy Davis,amydavis.8ak@gmail.com,245-300-5452,01/08/2022,2,20/11/2007,,F,0,24/01/2023
108,Laura Smith,laurasmith.ruy@gmail.com,922-270-8699,06/02/2022,2,26/10/2010,,F,0,02/03/2023
109,Jeffrey Jackson,jeffreyjackson.usr@gmail.com,959-972-9199,11/08/2020,4,17/09/2004,,M,1,07/04/2024
110,Roy Blevins,royblevins.day@gmail.com,287-883-5852,23/05/2018,6,02/08/1997,,M,1,09/12/2022
111,Raymond Ramsey,raymondramsey.ot8@gmail.com,195-605-7987,12/03/2023,1,18/01/1995,,M,1,15/12/2024
112,Amanda Turner,amandaturner.r9s@gmail.com,119-594-3359,14/06/2015,9,09/08/2000,,F,1,02/06/2024
113,Philip Wells,philipwells.2v3@gmail.com,380-954-6893,01/11/2016,8,10/09/1998,,M,1,17/01/2024
114,Rebecca Fisher,rebeccafisher.dvk@gmail.com,123-127-5957,06/07/2024,0,15/02/2001,,F,1,21/09/2022
115,Cheryl Kent,cherylkent.7rd@gmail.com,613-825-8671,05/08/2022,2,12/11/2017,,F,0,01/12/2022
116,April Wiley,aprilwiley.bkt@gmail.com,791-564-1450,23/10/2015,9,26/08/2000,,F,0,16/01/2023
117,Sara Gibbs,saragibbs.a9v@gmail.com,834-956-7117,24/09/2015,9,14/02/2011,,F,1,05/09/2023
118,John Lynch,johnlynch.7wq@gmail.com,445-608-8992,16/12/2018,6,28/08/1999,,M,0,27/09/2023
119,Jose Wallace,josewallace.oio@gmail.com,864-729-9752,09/07/2021,3,16/08/2007,,M,0,22/04/2024
120,Dustin Jenkins,dustinjenkins.hug@gmail.com,880-293-1635,24/08/2023,1,21/04/2007,,M,0,28/11/2023
121,Jordan Perez,jordanperez.k3v@gmail.com,635-872-3599,28/07/2019,5,05/11/1997,,F,0,01/10/2023
122,Peggy Walsh,peggywalsh.ma1@gmail.com,519-880-3954,02/02/2018,6,05/09/2016,,F,1,08/03/2023
123,Tony Johnson,tonyjohnson.dtd@gmail.com,237-780-6514,06/12/2019,5,01/06/2014,,M,0,15/10/2022
124,Kenneth Poole,kennethpoole.sn4@gmail.com,640-471-7697,12/03/2019,5,16/11/2001,,M,1,24/11/2023
125,Danielle Valenzuela,daniellevalenzuela.057@gmail.com,790-191-6688,03/01/2022,2,14/12/2005,,F,1,14/07/2024
126,Christopher Duncan,christopherduncan.9bz@gmail.com,392-647-2295,16/05/2021,3,05/04/1998,,M,0,02/06/2024
127,Karen Walker,karenwalker.n2a@gmail.com,815-512-8393,20/12/2024,0,18/03/2009,,F,0,13/03/2023
128,Charlene Chavez,charlenechavez.kma@gmail.com,246-864-4523,03/11/2017,7,07/02/2008,,F,1,25/01/2023
129,Jason Koch,jasonkoch.6om@gmail.com,159-916-9814,11/04/2022,2,20/06/1996,,M,1,03/05/2023
130,Melissa Mcfarland,melissamcfarland.5lo@gmail.com,920-584-7526,23/11/2017,7,08/01/2001,,F,0,23/01/2022
131,Adam Watkins,adamwatkins.ypg@gmail.com,283-683-8802,20/08/2018,6,27/11/1996,,M,1,08/04/2023
132,James Solis,jamessolis.4y3@gmail.com,196-625-3855,06/04/2017,7,21/08/2006,,M,0,22/01/2022
133,Julia Simon,juliasimon.lx9@gmail.com,810-442-3722,22/09/2020,4,19/04/2001,,F,1,07/05/2022
134,Melissa Bailey,melissabailey.1pf@gmail.com,529-155-4305,23/12/2015,9,08/12/2014,,F,1,18/06/2023
135,Sarah Bowman,sarahbowman.4nd@gmail.com,780-526-1650,08/10/2015,9,03/01/1995,,F,1,10/01/2023
136,Kayla Diaz,kayladiaz.wat@gmail.com,979-118-8355,13/07/2020,4,11/03/2007,,F,0,04/11/2023
137,Kelli Carter,kellicarter.p62@gmail.com,917-383-2006,28/04/2017,7,15/12/2004,,F,1,22/11/2024
138,Jacob Brown,jacobbrown.wjz@gmail.com,994-345-8920,26/02/2017,7,28/10/2015,,M,0,08/03/2023
139,Mallory Shaw,malloryshaw.61l@gmail.com,446-973-1441,12/04/2024,0,27/12/1998,,F,1,19/12/2022
140,Melissa Rodriguez,melissarodriguez.bzn@gmail.com,866-590-4342,14/01/2018,6,20/10/2001,,F,0,24/11/2024
141,Donna Brown,donnabrown.nwm@gmail.com,580-978-6194,10/12/2021,3,27/08/2004,,F,0,19/07/2024
142,Michael Wood,michaelwood.ifv@gmail.com,988-858-5065,25/08/2022,2,20/09/1995,,M,1,07/10/2022
143,Daniel Rodriguez,danielrodriguez.eyo@gmail.com,156-578-8070,08/01/2022,2,06/08/2005,,M,1,27/06/2024
144,Edwin Thompson,edwinthompson.wgj@gmail.com,806-618-6300,06/03/2020,4,20/01/2015,,M,0,08/08/2023
145,Thomas Campbell,thomascampbell.7rf@gmail.com,452-406-8334,06/08/2021,3,05/08/2016,,M,0,11/05/2022
146,Katherine Davila,katherinedavila.6hz@gmail.com,489-781-8052,03/03/2020,4,09/03/2005,,F,1,17/08/2023
147,Stephanie Dickson,stephaniedickson.6fg@gmail.com,996-322-9863,10/02/2018,6,11/06/2007,,F,1,14/10/2024
148,Maxwell Mccann,maxwellmccann.5hq@gmail.com,205-833-3791,10/11/2016,8,23/08/2005,,M,0,07/10/2022
149,Patricia Miller,patriciamiller.pcl@gmail.com,334-330-2368,03/07/2016,8,12/01/2014,,F,1,01/08/2024
150,Adam Santos,adamsantos.cjq@gmail.com,974-727-3794,17/09/2018,6,23/12/2016,,M,0,14/09/2023
151,James Tucker,jamestucker.66f@gmail.com,108-689-4991,19/03/2015,9,21/03/2017,,M,1,18/06/2022
152,Sarah Price,sarahprice.v5j@gmail.com,631-313-5492,16/10/2022,2,11/02/2001,,F,0,10/11/2023
153,Sarah Rogers,sarahrogers.8d6@gmail.com,582-258-1295,22/02/2018,6,07/09/2003,,F,0,17/12/2022
154,Michael Garcia,michaelgarcia.i7h@gmail.com,681-959-7391,08/04/2022,2,07/06/2011,,M,1,19/02/2023
155,Kelly Fitzgerald,kellyfitzgerald.niz@gmail.com,654-311-5034,25/12/2023,1,10/09/2017,,F,1,13/03/2023
156,Ashley Johnson,ashleyjohnson.dwa@gmail.com,548-880-7792,08/06/2015,9,06/02/2009,,F,0,03/02/2023
157,Megan Davis,megandavis.yb8@gmail.com,203-998-1239,08/02/2016,8,11/02/2012,,F,0,03/09/2022
158,Kim Stafford,kimstafford.tui@gmail.com,482-341-6872,20/03/2017,7,11/09/2011,,F,0,21/04/2022
159,Shirley Smith,shirleysmith.4pf@gmail.com,815-835-3907,09/10/2021,3,04/02/1995,,F,0,01/12/2023
160,Sarah Frank,sarahfrank.63x@gmail.com,179-734-4513,22/06/2021,3,27/06/2015,,F,1,04/05/2024
161,Michael Johnson,michaeljohnson.cg7@gmail.com,242-283-9394,16/01/2018,6,20/08/2017,,M,1,22/03/2022
162,Ronald Dennis,ronalddennis.byk@gmail.com,295-843-6359,13/02/2019,5,12/07/2001,,M,0,02/11/2023
163,Derek Jones,derekjones.9wm@gmail.com,483-904-1585,06/12/2024,0,06/12/2007,,M,1,21/06/2023
164,John Jackson,johnjackson.gy4@gmail.com,510-989-6288,24/09/2024,0,18/03/2008,,M,0,12/12/2023
165,Calvin Cortez,calvincortez.biz@gmail.com,608-103-3610,11/06/2022,2,05/12/2016,,M,0,17/01/2024
166,Lisa Lopez,lisalopez.h0w@gmail.com,462-212-8603,19/07/2018,6,17/06/1995,,F,1,21/07/2023
167,Tyler Garcia,tylergarcia.xtf@gmail.com,867-120-9753,25/09/2017,7,27/08/2017,,M,0,22/05/2024
168,Shelby Wong,shelbywong.5t6@gmail.com,553-789-3789,15/02/2018,6,03/08/2013,,F,1,10/04/2022
169,Reginald Davis,reginalddavis.kyt@gmail.com,549-414-4347,05/11/2015,9,14/10/2016,,M,1,18/12/2024
170,Lisa Andrews,lisaandrews.977@gmail.com,774-163-9046,09/07/2018,6,16/11/2005,,F,0,22/10/2024
171,Kathleen Morgan,kathleenmorgan.w89@gmail.com,491-446-8087,05/06/2020,4,18/10/2004,,F,1,05/11/2024
172,Denise Ward,deniseward.xn6@gmail.com,408-665-5819,07/01/2020,4,07/03/2003,,F,1,22/03/2022
173,Tony Mckinney,tonymckinney.rfo@gmail.com,167-602-7290,11/01/2021,3,03/12/2010,,M,1,19/05/2023
174,Duane Richardson,duanerichardson.px1@gmail.com,318-554-9328,03/02/2015,9,08/01/2008,,M,0,15/06/2023
175,Michael English,michaelenglish.drd@gmail.com,860-365-5045,04/12/2017,7,23/01/2002,,M,1,10/12/2022
176,Kayla Gonzalez,kaylagonzalez.k7p@gmail.com,278-784-2230,05/01/2016,8,28/08/2000,,F,1,25/08/2022
177,Monica Sutton,monicasutton.pn8@gmail.com,185-857-8837,14/10/2018,6,23/08/2007,,F,1,23/09/2022
178,Olivia Dominguez,oliviadominguez.5fi@gmail.com,774-915-5885,11/05/2020,4,19/01/2010,,F,1,26/01/2022
179,Tina Smith,tinasmith.7t2@gmail.com,268-606-2598,13/01/2018,6,22/01/2004,,F,0,20/08/2024
180,Breanna Morris,breannamorris.4dd@gmail.com,908-175-5118,25/03/2015,9,01/07/2017,,F,0,23/07/2023
181,Edward Wolfe,edwardwolfe.duu@gmail.com,244-588-4054,07/10/2023,1,02/05/2005,,M,0,19/03/2024
182,Jeffrey Morrison,jeffreymorrison.088@gmail.com,631-728-2764,23/10/2021,3,03/08/1996,,M,0,21/11/2022
183,Michael Henderson,michaelhenderson.vu4@gmail.com,996-196-1290,17/07/2021,3,25/01/2013,,M,0,02/09/2024
184,Kelsey Thomas,kelseythomas.j5f@gmail.com,902-205-2884,15/07/2020,4,15/09/2015,,F,0,21/02/2024
185,Adam Carter,adamcarter.t70@gmail.com,977-455-2329,08/09/2019,5,01/03/2001,,M,1,01/05/2022
186,Rachel Brewer,rachelbrewer.nw6@gmail.com,552-223-5818,08/03/2021,3,04/09/2014,,F,0,24/02/2022
187,Robert Houston,roberthouston.bfc@gmail.com,898-264-4457,16/11/2021,3,13/06/2007,,M,1,19/12/2024
188,Brady Lopez,bradylopez.nhg@gmail.com,415-956-1222,08/05/2016,8,14/09/2013,,M,0,20/07/2022
189,Joshua Davis,joshuadavis.cyl@gmail.com,804-741-2863,05/12/2024,0,27/12/2002,,M,0,03/04/2022
190,Mary Jackson,maryjackson.mlh@gmail.com,280-605-7193,04/04/2022,2,28/06/2014,,F,1,28/01/2023
191,Richard Anderson,richardanderson.x3i@gmail.com,650-361-6032,14/07/2020,4,20/07/2017,,M,0,11/08/2023
192,Sarah Mayo,sarahmayo.1nf@gmail.com,671-358-4476,05/07/2015,9,14/06/2013,,F,0,20/06/2024
193,Richard Brown,richardbrown.8m6@gmail.com,298-762-9699,21/12/2022,2,11/05/2005,,M,0,15/04/2024
194,Glenn Marsh,glennmarsh.2c4@gmail.com,114-608-2288,21/01/2020,4,19/05/2010,,M,0,22/12/2022
195,Lisa Curtis,lisacurtis.b9i@gmail.com,938-410-5127,20/06/2023,1,28/09/1995,,F,1,03/05/2023
196,Ronald Haynes,ronaldhaynes.604@gmail.com,886-723-6169,11/04/2015,9,14/11/2015,,M,1,20/11/2024
197,Joseph Koch,josephkoch.kc0@gmail.com,788-884-8227,21/07/2016,8,23/10/2009,,M,0,21/06/2024
198,Alexandra Roberts,alexandraroberts.d9s@gmail.com,325-601-2018,24/10/2015,9,03/06/2004,,F,1,14/05/2023
199,Jennifer Rosario,jenniferrosario.uud@gmail.com,513-513-6223,08/07/2023,1,23/06/2001,,F,0,21/07/2022
200,Brian Rodriguez,brianrodriguez.nk8@gmail.com,392-950-1465,20/09/2015,9,12/06/2008,,M,1,22/05/2023
201,Donald Dean,donalddean.d5z@gmail.com,514-889-7909,22/09/2019,5,22/08/2015,,M,0,05/09/2022
202,Debra Rosario,debrarosario.wv0@gmail.com,579-202-1614,28/11/2020,4,28/12/2015,,F,0,17/09/2022
203,Veronica Wang,veronicawang.4ge@gmail.com,419-612-9938,14/08/2019,5,23/12/2004,,F,1,21/01/2022
204,Natalie Daugherty,nataliedaugherty.sh0@gmail.com,569-111-1058,12/11/2015,9,10/11/2016,,F,0,20/02/2022
205,Megan Park,meganpark.mlr@gmail.com,113-474-4581,01/05/2020,4,12/12/2011,,F,1,23/03/2023
206,Tammy Mcmahon,tammymcmahon.qy6@gmail.com,868-108-9765,24/02/2022,2,20/03/2013,,F,1,07/08/2022
207,Deborah Hamilton,deborahhamilton.uo0@gmail.com,521-385-5262,21/01/2023,1,17/07/2002,,F,0,18/02/2022
208,Tina Klein,tinaklein.hkb@gmail.com,857-617-5485,06/08/2020,4,15/04/2016,,F,1,25/08/2022
209,Robin Robinson,robinrobinson.lwa@gmail.com,222-613-9762,18/04/2017,7,23/02/1996,,F,0,22/07/2023
210,Daniel Acevedo,danielacevedo.701@gmail.com,100-809-9891,18/01/2024,0,02/12/2009,,M,1,21/05/2023
211,Stephen Lawson,stephenlawson.zte@gmail.com,497-806-6083,27/06/2016,8,17/05/1995,,M,1,10/11/2022
212,John Leon,johnleon.059@gmail.com,599-679-5668,20/10/2020,4,25/05/2011,,M,1,11/09/2022
213,Mark Lopez,marklopez.90t@gmail.com,334-491-3685,02/12/2021,3,18/07/2004,,M,0,05/11/2024
214,Amber Hays,amberhays.8e1@gmail.com,839-461-3363,16/06/2016,8,15/03/2005,,F,0,25/11/2023
215,Theresa Hall,theresahall.tp1@gmail.com,673-311-4183,08/11/2022,2,18/09/2008,,F,1,03/06/2023
216,Paul Dixon,pauldixon.75y@gmail.com,329-402-7261,06/02/2016,8,11/09/1996,,M,0,17/09/2022
217,Abigail Hunter,abigailhunter.dja@gmail.com,937-963-9603,09/07/2022,2,21/02/2007,,F,0,01/11/2024
218,Charles Wilson,charleswilson.24g@gmail.com,784-449-7253,02/08/2023,1,09/07/1997,,M,1,07/07/2022
219,Alejandra Meadows,alejandrameadows.497@gmail.com,885-819-3361,06/11/2015,9,12/05/2004,,F,1,15/08/2024
220,Lisa Pineda,lisapineda.oyt@gmail.com,190-371-2339,08/06/2019,5,22/02/2001,,F,1,25/06/2023
221,Eric Smith,ericsmith.irw@gmail.com,129-168-4817,25/12/2016,8,10/07/2012,,M,1,19/05/2024
222,John White,johnwhite.pw3@gmail.com,330-376-4532,20/02/2017,7,13/10/1996,,M,0,02/01/2024
223,Kenneth Colon,kennethcolon.ym4@gmail.com,756-446-9729,23/10/2022,2,05/02/1998,,M,1,25/05/2023
224,Diane Jimenez,dianejimenez.wkp@gmail.com,360-710-5124,03/07/2016,8,02/01/1999,,F,1,21/03/2024
225,Kimberly Freeman,kimberlyfreeman.edu@gmail.com,494-474-2658,03/01/2022,2,20/04/2007,,F,0,26/10/2022
226,Jennifer Fernandez,jenniferfernandez.q0a@gmail.com,739-367-6087,28/06/2016,8,05/04/1999,,F,1,19/04/2024
227,Brandi George,brandigeorge.k2p@gmail.com,159-369-2801,08/05/2020,4,06/01/2014,,F,1,10/10/2022
228,Gina Levy,ginalevy.ewj@gmail.com,266-948-7390,28/10/2019,5,14/03/1996,,F,0,19/12/2024
229,Kristi Lewis,kristilewis.gqe@gmail.com,136-953-3904,01/09/2015,9,22/12/2012,,F,0,05/12/2023
230,Renee Johnson,reneejohnson.vlv@gmail.com,800-235-9551,21/02/2021,3,03/02/2004,,F,1,20/02/2024
231,Dustin Woods,dustinwoods.cs5@gmail.com,690-995-7509,21/12/2020,4,24/08/2009,,M,1,13/07/2023
232,Yolanda Peterson,yolandapeterson.byg@gmail.com,468-420-3283,13/06/2021,3,22/04/2014,,F,1,05/04/2024
233,Vickie Jones,vickiejones.nyn@gmail.com,253-710-5680,17/07/2018,6,02/03/1996,,F,1,20/11/2022
234,Andrew Torres,andrewtorres.g1m@gmail.com,138-199-7988,13/02/2015,9,02/03/2010,,M,1,04/10/2023
235,Elizabeth Campbell,elizabethcampbell.a9w@gmail.com,637-508-4491,26/08/2024,0,06/05/2014,,F,1,08/10/2022
236,Henry Garcia,henrygarcia.o5o@gmail.com,897-146-9953,15/05/2024,0,02/08/1996,,M,1,05/02/2022
237,John Norton,johnnorton.r2b@gmail.com,135-653-4879,09/08/2021,3,07/11/2015,,M,0,06/09/2023
238,Christopher Mcbride,christophermcbride.s9m@gmail.com,170-271-9722,17/07/2022,2,09/08/2002,,M,1,01/04/2024
239,John Wilson,johnwilson.cc0@gmail.com,785-449-1327,02/02/2018,6,16/06/2005,,M,1,13/12/2023
240,David Singleton,davidsingleton.2ct@gmail.com,272-591-5898,17/11/2017,7,28/09/1999,,M,1,20/11/2022
241,Cynthia Grant,cynthiagrant.u31@gmail.com,407-779-4344,04/03/2018,6,20/12/2003,,F,1,04/09/2022
242,Robin Carlson,robincarlson.02b@gmail.com,875-381-8475,11/05/2017,7,20/07/1995,,F,0,10/09/2022
243,Jonathan Curtis,jonathancurtis.y8a@gmail.com,743-649-1397,13/11/2015,9,06/09/1997,,M,1,16/01/2024
244,James Rodriguez,jamesrodriguez.m97@gmail.com,361-962-1720,14/07/2016,8,09/03/2010,,M,1,10/11/2023
245,Lindsay Martinez,lindsaymartinez.5sf@gmail.com,178-506-1029,24/12/2017,7,24/07/1996,,F,1,04/04/2022
246,Larry Black,larryblack.1u8@gmail.com,522-383-3570,24/11/2016,8,18/03/1995,,M,0,18/07/2023
247,Stephanie Wallace,stephaniewallace.672@gmail.com,106-722-5927,26/05/2023,1,13/09/1995,,F,0,04/05/2023
248,Carl Curry,carlcurry.jin@gmail.com,637-485-2169,23/07/2018,6,26/04/2017,,M,0,06/09/2022
249,Tammie Zimmerman,tammiezimmerman.ma9@gmail.com,718-509-2347,04/01/2016,8,18/02/2002,,F,0,02/07/2022
250,Melanie Williams,melaniewilliams.fvj@gmail.com,365-943-2164,25/01/2015,9,18/02/2010,,F,1,23/03/2022
251,Richard Stone,richardstone.zos@gmail.com,746-207-6709,24/09/2021,3,08/05/2012,,M,1,15/10/2023
252,Martin Brown,martinbrown.a7z@gmail.com,692-875-5092,17/03/2020,4,06/12/2017,,M,1,11/12/2024
253,Hunter Terry,hunterterry.fjj@gmail.com,869-701-7681,10/04/2020,4,20/02/1995,,M,0,26/06/2022
254,Russell Hill,russellhill.vgp@gmail.com,838-156-7745,28/07/2019,5,03/09/2007,,M,0,22/09/2022
255,Stephen Anderson,stephenanderson.30y@gmail.com,537-888-9333,19/10/2017,7,12/11/2017,,M,1,02/09/2022
256,Connor Wright,connorwright.bbn@gmail.com,570-203-3975,09/12/2023,1,03/01/2006,,M,1,06/08/2023
257,Erik Hardin,erikhardin.q62@gmail.com,715-247-6184,23/07/2024,0,24/04/2001,,M,1,04/09/2024
258,Madison Tran,madisontran.o29@gmail.com,566-923-6824,01/09/2015,9,26/12/2011,,F,1,02/11/2024
259,Ruben Spencer,rubenspencer.ntr@gmail.com,978-989-7819,20/09/2018,6,28/09/2012,,M,0,05/12/2024
260,Donna Hall,donnahall.yn1@gmail.com,292-489-2126,02/04/2021,3,02/05/2016,,F,0,27/12/2024
261,Michele Schwartz,micheleschwartz.14h@gmail.com,504-323-9330,17/09/2022,2,24/05/2001,,F,0,08/06/2023
262,Ashley Wells,ashleywells.a4b@gmail.com,797-381-2362,01/09/2023,1,15/11/2014,,F,0,06/02/2024
263,Adrian Jones,adrianjones.xdz@gmail.com,496-132-1957,09/12/2022,2,10/02/1995,,M,1,02/06/2024
264,Michael Campbell,michaelcampbell.xgu@gmail.com,132-902-4908,07/01/2016,8,26/12/1996,,M,0,28/06/2023
265,David Hogan,davidhogan.n2u@gmail.com,210-657-2707,13/10/2015,9,23/08/1995,,M,1,27/06/2022
266,Monica Martin,monicamartin.a1n@gmail.com,995-231-3625,02/06/2016,8,19/09/2002,,F,0,21/04/2023
267,Jennifer Burns,jenniferburns.uf9@gmail.com,964-595-4305,16/03/2020,4,28/06/1997,,F,0,07/10/2022
268,Morgan Smith,morgansmith.1ff@gmail.com,351-589-4246,06/08/2017,7,11/06/2005,,F,1,15/09/2024
269,Tiffany Smith,tiffanysmith.oq2@gmail.com,719-588-6817,13/05/2015,9,11/07/2008,,F,0,20/03/2022
270,Scott Gilbert,scottgilbert.z7f@gmail.com,267-856-8420,16/12/2016,8,22/02/1995,,M,1,09/03/2022
271,Megan Frazier,meganfrazier.hg1@gmail.com,911-244-9026,10/08/2017,7,27/11/2009,,F,1,02/05/2023
272,Marcus Russo,marcusrusso.8lj@gmail.com,862-741-8850,03/04/2024,0,14/09/2009,,M,0,14/09/2024
273,Lydia Anthony,lydiaanthony.epn@gmail.com,861-483-9436,18/09/2017,7,17/08/2008,,F,0,27/10/2023
274,Kevin Wilson,kevinwilson.ugm@gmail.com,142-837-3378,17/11/2024,0,07/02/2012,,M,1,16/01/2022
275,Carla Dixon,carladixon.p55@gmail.com,235-568-2874,24/10/2015,9,14/05/2006,,F,0,23/06/2022
276,Linda Tran,lindatran.sws@gmail.com,292-553-6851,05/07/2022,2,01/09/1997,,F,0,16/12/2022
277,Charles Duncan,charlesduncan.lep@gmail.com,985-616-9967,17/01/2019,5,06/07/2006,,M,0,03/11/2024
278,Rebecca Adams,rebeccaadams.aah@gmail.com,966-664-7846,28/11/2016,8,22/11/2003,,F,0,07/05/2023
279,Chad James,chadjames.bq0@gmail.com,802-959-7347,15/11/2022,2,17/09/1998,,M,0,02/08/2023
280,Leah Brown,leahbrown.6ad@gmail.com,766-722-5906,08/12/2019,5,03/11/1999,,F,1,17/09/2024
281,Theresa Mueller,theresamueller.zux@gmail.com,811-323-1939,01/11/2019,5,21/05/2015,,F,1,27/03/2022
282,Garrett Hill,garretthill.3ct@gmail.com,910-771-1677,10/05/2023,1,03/12/2011,,M,1,02/09/2022
283,Rebekah Mclean,rebekahmclean.oo9@gmail.com,294-998-9398,16/06/2020,4,28/06/2000,,F,1,24/07/2024
284,Billy Martin,billymartin.wmg@gmail.com,388-154-7136,02/01/2019,5,05/01/2003,,M,1,12/02/2023
285,Brian Stewart,brianstewart.n2t@gmail.com,457-782-8968,19/07/2016,8,11/09/2011,,M,0,05/09/2024
286,Carrie White,carriewhite.1jb@gmail.com,595-841-2189,08/02/2018,6,13/11/2015,,F,1,09/10/2022
287,John Aguilar,johnaguilar.jc4@gmail.com,739-980-5860,05/11/2021,3,16/06/2005,,M,0,10/01/2022
288,Amanda Marshall,amandamarshall.2of@gmail.com,440-788-8266,28/02/2017,7,26/03/2002,,F,1,14/02/2023
289,Laurie Wang,lauriewang.zd4@gmail.com,981-511-9894,04/04/2016,8,14/07/2001,,F,0,21/03/2022
290,Eric Warren,ericwarren.001@gmail.com,788-965-3516,07/11/2019,5,01/10/2002,,M,0,23/10/2023
291,Heather Powell,heatherpowell.phl@gmail.com,133-108-8216,25/08/2018,6,07/02/2009,,F,1,16/02/2024
292,Ronald Jones,ronaldjones.q32@gmail.com,668-578-5305,28/02/2017,7,18/04/2009,,M,1,17/11/2023
293,Theresa Short,theresashort.cwk@gmail.com,724-500-1963,01/04/2023,1,26/05/2003,,F,0,02/08/2023
294,Patrick Anderson,patrickanderson.2bc@gmail.com,471-346-6805,11/05/2017,7,11/10/2004,,M,0,05/07/2023
295,Stephanie Rodgers,stephanierodgers.u6s@gmail.com,432-391-8546,05/02/2016,8,12/05/2005,,F,0,07/10/2023
296,Douglas Bright,douglasbright.o10@gmail.com,344-240-5568,19/06/2021,3,10/03/1996,,M,1,25/09/2023
297,Molly Page,mollypage.ddm@gmail.com,417-556-3889,17/05/2022,2,14/03/2000,,F,0,06/03/2024
298,Gregory Singleton,gregorysingleton.i9v@gmail.com,252-154-2221,25/06/2021,3,22/05/2017,,M,1,20/04/2023
299,Amanda Riddle,amandariddle.a53@gmail.com,267-264-1320,01/04/2022,2,05/09/2016,,F,0,25/05/2024
300,Robert Conway,robertconway.nro@gmail.com,223-206-1525,23/04/2016,8,09/03/2013,,M,0,06/10/2022
301,Randy Fox,randyfox.6bg@gmail.com,835-562-7000,04/12/2019,5,25/04/1998,,M,1,16/06/2023
302,Laura Leblanc,lauraleblanc.zex@gmail.com,703-602-7236,27/09/2023,1,09/09/2013,,F,1,12/02/2022
303,Michelle Johnson,michellejohnson.ahn@gmail.com,677-818-4057,25/03/2024,0,24/12/2000,,F,0,15/04/2022
304,Benjamin Fields,benjaminfields.3sf@gmail.com,906-874-6631,13/03/2015,9,13/11/2005,,M,1,27/06/2023
305,Christina Wright,christinawright.wh2@gmail.com,661-222-6549,19/04/2020,4,28/01/2005,,F,1,09/03/2023
306,Ashlee Patterson,ashleepatterson.3jj@gmail.com,472-624-1740,18/04/2018,6,27/07/2013,,F,0,11/07/2023
307,Joshua Carter,joshuacarter.pcw@gmail.com,306-434-7460,28/10/2020,4,16/01/2004,,M,0,12/08/2024
308,Darin Snyder,darinsnyder.ipb@gmail.com,884-192-8116,04/12/2024,0,14/10/2001,,M,1,13/03/2024
309,Katie Ramos,katieramos.03a@gmail.com,536-682-7728,10/05/2017,7,27/03/2011,,F,0,18/10/2022
310,Vickie Carpenter,vickiecarpenter.50z@gmail.com,942-248-7032,22/11/2021,3,28/06/1996,,F,1,28/03/2023
311,Jerome Williams,jeromewilliams.oym@gmail.com,599-740-3430,14/10/2019,5,22/02/2016,,M,1,13/03/2024
312,Martin Cooper,martincooper.6eg@gmail.com,539-242-6236,09/09/2023,1,12/03/2014,,M,1,02/09/2024
313,Zachary Wood,zacharywood.ms3@gmail.com,513-610-7276,19/10/2017,7,10/03/2012,,M,0,17/07/2023
314,Lisa Skinner,lisaskinner.452@gmail.com,658-554-2924,16/01/2016,8,22/06/1998,,F,0,11/10/2023
315,Dawn Smith,dawnsmith.ngy@gmail.com,875-222-5508,17/08/2020,4,20/02/1997,,F,0,04/07/2023
316,Daniel Dunn,danieldunn.hf1@gmail.com,242-105-5558,11/08/2021,3,26/10/2003,,M,0,13/01/2022
317,Denise Leon,deniseleon.0yx@gmail.com,140-168-7982,08/03/2020,4,13/02/2016,,F,0,23/10/2022
318,Kevin Alvarez,kevinalvarez.rb6@gmail.com,238-264-1791,21/10/2023,1,23/06/2000,,M,1,05/12/2023
319,Samuel Jones,samueljones.hqc@gmail.com,845-885-2200,24/04/2023,1,09/10/2005,,M,0,15/05/2023
320,Brian White,brianwhite.j9z@gmail.com,588-307-1977,26/08/2022,2,26/02/1997,,M,1,22/07/2022
321,Melanie Todd,melanietodd.393@gmail.com,240-894-5477,10/12/2015,9,02/07/2013,,F,0,03/06/2024
322,Renee Evans,reneeevans.64q@gmail.com,492-680-5366,06/12/2021,3,26/04/2013,,F,0,17/04/2023
323,Taylor Cook,taylorcook.mjt@gmail.com,205-395-4455,03/05/2024,0,27/10/2005,,F,0,22/07/2023
324,Elizabeth Roberts,elizabethroberts.093@gmail.com,186-519-3260,06/02/2015,9,16/02/2009,,F,1,02/12/2022
325,Cheryl Johnson,cheryljohnson.0zm@gmail.com,905-123-3840,09/07/2017,7,09/11/2008,,F,1,03/02/2024
326,Richard Howard,richardhoward.f7k@gmail.com,956-809-2508,24/07/2016,8,10/10/1995,,M,1,27/12/2022
327,Robert Stokes,robertstokes.v8b@gmail.com,891-217-5029,11/09/2015,9,25/08/2012,,M,0,05/11/2024
328,Richard Nichols,richardnichols.ywf@gmail.com,472-904-6667,22/06/2022,2,17/01/2016,,M,0,26/12/2022
329,Lori Benjamin,loribenjamin.4p2@gmail.com,425-240-3187,18/02/2015,9,05/07/2012,,F,1,26/04/2022
330,Jose Wells,josewells.oh4@gmail.com,982-466-2440,08/02/2019,5,24/12/2014,,M,1,12/10/2023
331,Jennifer Alvarado,jenniferalvarado.cxy@gmail.com,432-126-9707,14/03/2021,3,02/09/1996,,F,1,24/05/2022
332,William Ibarra,williamibarra.7pl@gmail.com,747-684-3643,23/03/2015,9,28/06/1997,,M,1,08/02/2023
333,Maria Adams,mariaadams.kru@gmail.com,777-647-1155,05/03/2023,1,20/12/2000,,F,0,11/04/2023
334,Jennifer Gray,jennifergray.wd8@gmail.com,347-689-1021,05/01/2021,3,12/06/2003,,F,1,21/02/2024
335,Rodney Randall,rodneyrandall.5xu@gmail.com,897-694-6404,26/12/2019,5,02/05/2010,,M,1,26/03/2022
336,Thomas Wilson,thomaswilson.id7@gmail.com,140-679-9062,27/06/2024,0,27/10/2010,,M,1,21/06/2022
337,Holly Carr,hollycarr.awc@gmail.com,243-572-1772,20/10/2024,0,11/08/2015,,F,0,02/06/2022
338,Susan Mckee,susanmckee.msy@gmail.com,674-813-5489,17/09/2018,6,07/08/1995,,F,0,03/09/2024
339,Nicholas Odonnell,nicholasodonnell.zj2@gmail.com,203-580-3263,19/09/2018,6,27/06/2015,,M,0,05/08/2022
340,Stephanie Hartman,stephaniehartman.2q8@gmail.com,934-267-8063,27/05/2021,3,02/04/2004,,F,0,15/06/2024
341,Charles Ward,charlesward.nhh@gmail.com,990-959-3519,25/03/2019,5,21/05/2000,,M,1,14/12/2023
342,Tamara Kelley,tamarakelley.qdf@gmail.com,525-153-1922,22/12/2018,6,21/10/2009,,F,1,03/09/2022
343,Frank Gallagher,frankgallagher.ofl@gmail.com,205-880-4942,14/12/2024,0,23/10/1999,,M,1,21/11/2022
344,Yvonne Little,yvonnelittle.j7l@gmail.com,354-989-6307,25/03/2018,6,03/06/2017,,F,1,28/01/2024
345,Shirley Schneider,shirleyschneider.nyc@gmail.com,760-953-8926,14/10/2015,9,25/04/2014,,F,0,02/04/2024
346,Carrie Mayo,carriemayo.p09@gmail.com,176-635-6565,19/06/2024,0,27/02/2012,,F,0,09/04/2023
347,Michael Salas,michaelsalas.uks@gmail.com,624-882-4638,04/06/2018,6,12/04/2003,,M,0,20/09/2024
348,Alexander Hines,alexanderhines.mm1@gmail.com,255-978-8358,25/05/2023,1,01/08/2011,,M,0,26/04/2022
349,Isabel Wallace,isabelwallace.8qa@gmail.com,232-114-9098,02/02/2019,5,11/11/2004,,F,0,27/12/2023
350,Elizabeth Barnett,elizabethbarnett.rk9@gmail.com,997-637-8732,02/11/2019,5,27/05/2006,,F,1,04/06/2024
